timestamp_us,particle_id,x_m,y_m,z_m,vel_mps
100000,54,-0.052224731835762817,-0.2870680999139438,0.46517414189539275,1.9985451753640953
100000,33,-0.028094172276745672,-0.2511388526011777,0.41028697926309643,2.6783615001728434
100000,35,-0.2726311226120294,-0.5891244670620926,0.9665086172169065,3.3863053744271223
100000,31,-0.13864489712396683,-0.4076760603157798,0.6617447044338433,1.9761448007891749
100000,32,0.031913159406865,-0.1700542903063208,0.27379482021501844,0.7184446108752265
100000,37,0.07572221996871077,-0.10822399474980124,0.17414710894063948,0.40414883532573176
100000,50,0.029230380746954502,-0.1590296239239903,0.2647341367909012,0.7892295412342366
100000,14,0.04031051067633279,-0.15705206130886645,0.2546942774497113,0.8142809523395489
100000,51,0.04297918351754606,-0.1507891415600276,0.24862413722400198,1.2818493776203321
100000,27,0.06631608288098427,-0.11924303257270652,0.19554222722677117,0.27750994770345044
100000,42,0.07767045309144023,-0.10331349638974219,0.16971567468436588,0.3771980115958219
100000,34,0.07853565087460776,-0.09527990720115945,0.1586602793824182,0.19854188802992342
100000,67,0.0493484449924527,-0.1323717722596294,0.22145274572283352,1.180124018370096
100000,52,0.08583132634874313,-0.09183351700250138,0.15115302276576337,0.3063107626653951
100000,49,0.08807730078412598,-0.08880221683996241,0.14604434868792696,0.28981182528347615
100000,38,-0.746878425016632,-1.1392259520823314,1.9344309984629386,2.7770601329696007
100000,99,-0.07862352303396584,-0.2973040028703726,0.4967677425491851,3.782060409861883
100000,117,0.01446498536142812,-0.17795295944640652,0.2964999589971114,2.273819331357296
100000,69,0.08005844360096437,-0.09224460360958901,0.1553841894614012,0.8384811053965537
100000,72,0.08780928988118991,-0.08799323621306825,0.15160307067012382,0.9251534222935726
100000,36,-0.5499605253975937,-0.9675535025810126,1.6512241638135983,3.0827953119288334
100000,103,-0.05451438917355456,-0.26272907004476986,0.4449000857909883,3.168286318352703
100000,91,-0.038689315918242054,-0.24309009941401474,0.4108545048699876,2.917009149042197
100000,116,-0.004005525659021865,-0.19760593251174535,0.3362368542047125,2.5073206083547404
100000,126,0.004317423209455769,-0.204300466271447,0.34792180725398797,2.8973386868277733
100000,104,0.04520534039767578,-0.14614965106452363,0.25177993662727044,1.8374455939136782
100000,70,0.05382980744504459,-0.12532252045799444,0.2118116789451595,1.291032293988379
100000,71,0.07543167467620997,-0.10531157320662644,0.1807071963272586,0.9091628700201774
100000,96,0.08529119362288051,-0.09084726361298187,0.1575240004053698,1.2146871637661796
100000,66,-0.2606179401926393,-0.5674994200644453,0.9708780051790079,3.434704029551222
100000,163,-0.03257991905360231,-0.25179314924207874,0.43468043303565684,3.5308302495438095
100000,112,0.01899922129156012,-0.18086594941310494,0.31339973743860655,2.5005567181460586
100000,95,0.07869449342073938,-0.09967160799976547,0.1730351621619832,1.2408153691829062
100000,11,0.6033779613933621,-0.6715219199176388,1.208498357286895,2.2363412667736986
100000,7,0.1372903334517894,-0.2761106483313475,0.5394127965813712,1.7561048959625758
100000,85,0.14456083672731848,-0.14117728932766277,0.27785149802055814,0.8335354950207422
100000,81,0.08365873881131916,-0.3736527483808712,0.7513878758996543,3.6619509597836197
100000,80,0.1439561119118343,-0.15168929147734606,0.29960688441070954,0.8813725146557458
100000,82,0.1456033476077026,-0.12044534916158933,0.24034646029437717,0.9257308502862639
100000,100,0.09736199846414806,-0.29322568433767665,0.601349241981866,2.9216859952048013
100000,62,0.1342165402556617,-0.3277980887013277,0.649994596687641,2.69020094850976
100000,12,0.12130539647910134,-0.16676335213400398,0.33919010462859767,1.4989901425666334
100000,10,0.11502313566509144,-0.20042260661160802,0.40797533196351937,1.7689702156756675
100000,83,0.1329346229106676,-0.20516850476623583,0.42801508427251417,1.5579261016194796
100000,92,0.14072428859680625,-0.12309336755909554,0.25570626499678867,1.3252504302112296
100000,28,0.12827444314508238,-0.25419181238324356,0.5310991067934674,2.3526742227191466
100000,131,0.12843829513051808,-0.1264867160971959,0.26109114156095475,1.4394024243090575
100000,9,0.13006001298594214,-0.23693859776613474,0.4916019777240682,2.211891574324645
100000,123,-0.014460216160847358,-0.1556732646066225,0.34139182081220315,2.078654445987155
100000,149,-0.008730464714517388,-0.13332871288844947,0.3037865546478054,1.680791941402617
100000,108,0.04771499232262514,-0.09681148776372271,0.21409452172823906,0.9398668950951774
100000,105,0.06351187358798721,-0.08227674532989253,0.1817520436235584,0.8568053010602736
100000,130,0.07189380540271084,-0.07450812559917305,0.1645909064573855,0.9162239734078775
100000,110,0.07662308896965776,-0.06135591203942413,0.1427498573634594,0.6570540138662704
100000,124,-0.02734639567060749,-0.14776743329885353,0.33890926376352415,1.8718129689419318
100000,107,0.012035719845892141,-0.11523087333937461,0.26460695833973114,1.2878752853706825
100000,135,0.024970978104228807,-0.11579805908437711,0.2606605349503539,1.4189648617159152
100000,113,0.02737304558473341,-0.10307505809928917,0.23566999935503322,1.0321643820780126
100000,136,0.034571971537544384,-0.10802245777993971,0.2410034953940036,1.2821905494886068
100000,119,0.042009421087979004,-0.10156546013038824,0.22577608783178785,1.242150633649723
100000,109,0.05121787107916145,-0.09202783252726335,0.2069227403124325,0.9923176903653692
100000,146,0.05955667308945538,-0.08465017187759842,0.1898499069533209,0.9741360300146774
100000,137,0.06866383614212639,-0.07614207572196194,0.17120393394897687,1.000363653013893
100000,114,0.07134423669526706,-0.06628211790535896,0.15270947707496355,0.8525371825727721
100000,132,0.08239254462451105,-0.06326232161973953,0.14309582539018964,0.754167250576987
100000,102,-0.17835293337196972,-0.27248364820717597,0.6238135594856602,2.572491282669849
100000,134,-0.04856182517813552,-0.1634002821838955,0.3789364512899247,1.8786978515256794
100000,156,0.01941178521907761,-0.10822248023236676,0.25069052304933453,1.4071334361702714
100000,128,0.05342135615778425,-0.08138192731835762,0.18652460676783816,0.9854447474582065
100000,139,0.07417399517011106,-0.06422560923013562,0.1473705668687474,0.832413543846666
100000,162,0.003940374069018489,-0.11962571532610018,0.27988046121116705,1.6928068759626047
100000,174,0.030915804415968622,-0.09820314343895915,0.22898587014386898,1.3861274935235781
100000,138,0.04920667068096162,-0.10605086963112463,0.24959593433296476,1.567288293330547
100000,157,0.044438654602762015,-0.08830018382107258,0.20347228531985528,1.2150677843118216
100000,180,0.059618557240820866,-0.07575982601344486,0.17483233677153667,1.0515147199320767
100000,151,0.08032655257384318,-0.058223273006544056,0.135762526179364,0.6676812078404739
100000,98,-0.12136685071880758,-0.2818736885257943,0.6626294808565153,3.217736691944642
100000,88,0.07101384098764121,-0.08371232699643538,0.1967911800106264,1.0918903756048575
100000,148,-0.12279780494287841,-0.3349284566307274,0.842747236823678,3.5871592388794094
100000,154,0.012852359624048052,-0.16910312764229746,0.42716635734677466,2.081101132402462
100000,153,-0.04975964113594624,-0.2550976259861404,0.6694821007249554,3.4286063878779904
100000,127,0.0001682326021254178,-0.18387823412307644,0.4660257327113113,2.3864192982163934
100000,178,0.0770270938365659,-0.09112634793818772,0.23055920563870236,1.2852603192045489
100000,184,0.09071888771004687,-0.07480329337495092,0.18861271956016634,1.0558587725999617
100000,158,0.09776826010898648,-0.06600324739127027,0.16701610454193577,0.8519590371666106
100000,173,0.028743492685566682,-0.14747478273313624,0.3784819265193271,2.0161612526296246
100000,129,0.03605613613574799,-0.13839193428573862,0.3560787484175564,1.9106557055903517
100000,167,0.0421895406374987,-0.13058667340178168,0.3372883131448621,1.7749368737723108
100000,106,0.0551468732595689,-0.11699015255779976,0.2975919389904616,2.074925196221027
100000,179,0.08735406258454168,-0.0772247085188874,0.19892127310603042,1.0821838822164056
100000,185,0.09465175158807423,-0.06961160566530326,0.1765639097816336,1.0454728504833883
100000,118,-0.015449116813151698,-0.21124302581248236,0.555792481225664,2.6267816640378197
100000,213,0.07608309657732835,-0.09542825601714518,0.2524959645537196,1.6717255934358612
100000,210,0.09176622214248813,-0.07482699312749294,0.2005291522343269,1.252227030866253
100000,231,0.09596495188315396,-0.06941094331831729,0.18661645355022297,1.3580364429216973
100000,175,0.10282434157324774,-0.06247554931032774,0.16388752651525992,1.18997100508917
100000,172,0.038817528799431573,-0.13959380549026354,0.37597726671147863,2.197129699811917
100000,164,0.04718907303540434,-0.12981316428420753,0.34823774079065445,2.3912066856956615
100000,183,0.06718418446055464,-0.10525522232153561,0.28198295003360896,2.0119389395302605
100000,230,0.08657175678252875,-0.08170817494081366,0.21774127014660508,1.5724328055788839
100000,189,0.0994065020561993,-0.06601009191658379,0.17521270681699974,1.2833884655409036
100000,224,0.09555269821984436,-0.055138030818503395,0.15909430078643774,1.0482426474076671
100000,161,-0.1048412729061437,-0.25857910586515276,0.7210671907136544,3.340009539796888
100000,217,0.06602798324532139,-0.08555888992726182,0.24189164895655102,1.6222807120773708
100000,194,0.09719909036427393,-0.054148202377343656,0.1544772569394606,1.0835539616001026
100000,125,-0.06141147394155593,-0.2900741081088981,0.8724856988656327,3.3718026433786616
100000,206,-0.020354638272150408,-0.21606448525887667,0.7022488009926028,2.932139660117763
100000,201,0.021415400825385542,-0.17194558284900044,0.5343165688914753,2.3865409501620514
100000,188,0.08140763908078859,-0.06923031910748499,0.1987618602339669,1.2278796867129187
100000,259,0.09181046276616282,-0.05911187089263948,0.16958880249662805,1.2706547028951045
100000,244,0.09376846124424751,-0.05698437759422826,0.1640979084491691,1.2512728647071762
100000,202,0.07390174716613807,-0.07593840948961432,0.21981093544843805,1.4807880093742731
100000,236,0.08551640577246222,-0.08984635036853626,0.2726022263617488,1.6466022620368554
100000,237,0.10015357945446209,-0.07014976451240805,0.21284094352631158,1.417153442730306
100000,272,0.10972077251941226,-0.05727562339063658,0.17377959581552846,1.2643526472866236
100000,40,0.1465314298920399,-0.17993755898659822,0.5735902806340882,2.798527175384434
100000,270,0.08480791320081639,-0.08168542664323164,0.2744754378760652,1.8378265926936084
100000,64,0.14825778607388618,-0.12434523993293681,0.4014593826080378,1.7534741195913779
100000,58,0.14844532240139668,-0.11787808309007379,0.3827605782672288,2.163657644802843
100000,229,0.1493819117283508,-0.08777938978108718,0.28937546827341126,1.6740452385854083
100000,181,0.1496923756356067,-0.07997703188414805,0.25841984525505807,2.0780061156345266
100000,150,0.14323970391728577,-0.27573643004077514,0.9018005040215565,2.6474186768787344
100000,60,0.3443781223823229,-0.29489736504060426,1.0008616234337753,3.314344182862178
100000,218,0.07416998153080563,-0.04777277928430359,0.16958166041187347,0.9139729254456359
100000,200,0.027773409117966733,-0.076745845485396,0.27030612302781193,1.1924885104470078
100000,187,0.035779870701993656,-0.0702624595422776,0.2529245256690574,1.2295487317375275
100000,219,0.07840652407057047,-0.04567816903208777,0.16038435448008245,0.8984646627547249
100000,89,0.8737389322664953,-0.39690348973619977,1.3882237540116134,2.937350793957331
100000,170,-0.035640971614535374,-0.11294022173956664,0.40797533196351937,1.5410603256960087
100000,216,0.05191505162861042,-0.059702309372901975,0.2178959159350615,1.0402081293885728
100000,245,0.0768331677066247,-0.044961631472765565,0.16380002650110334,0.9420485625196158
100000,16,0.24614482340307192,-0.12738234051598665,0.4823859271015198,2.9139921794550196
100000,249,0.06744012421088058,-0.0861607698959043,0.37484650801460195,1.9110597222265058
100000,294,0.08400335197644178,-0.06887975384877579,0.3016690753555227,2.144886930694073
100000,271,0.10754086983411118,-0.04500493822741392,0.19767876909572588,1.068073783325842
100000,121,-0.4439353483528864,-0.2724626901028378,1.27161477070057,1.9654585292537554
100000,207,0.022728977827451324,-0.12955517361647256,0.5723833015607586,2.004319684260776
100000,208,0.058000589963000185,-0.04176429631878945,0.2010876354333544,0.6813464802782572
100000,268,0.08961125157169528,-0.06212313759264764,0.2768930050871539,1.8433872908108933
100000,303,0.10966075723088665,-0.04074384197889191,0.18831296676431591,1.1788491784013844
100000,278,0.11097447086187194,-0.040494357938985114,0.18250889329956368,1.162893898001237
100000,286,0.11193460289166977,-0.03915498954906236,0.17826696666854536,1.1498722772342862
100000,145,-0.09377754714524868,-0.11149108382824009,0.524799491691059,0.7296836366341473
100000,171,-0.01745613778441435,-0.07578017461704584,0.3620214686693421,1.0233226835264573
100000,248,0.03635498106257281,-0.11211571082933294,0.5121827205952697,2.279498853538103
100000,253,0.052851129629892184,-0.1127004778038805,0.5690953170616063,2.204727742967554
100000,242,0.06709667847645688,-0.038959361696007215,0.18168753108713087,0.8504005656186654
100000,258,0.07875665533164473,-0.03296951132486599,0.15681917505359513,0.8148747246249051
100000,142,-0.28547540640195795,-0.196496058951997,0.9336519854883687,2.5549056923461433
100000,144,-0.11528966301611433,-0.11897213382498285,0.5706804538194991,1.1254727754723146
100000,122,-0.07546704768450603,-0.10247123088151777,0.4857469253440672,1.1097833822607757
100000,199,0.0037733037687410673,-0.06603281595296867,0.31674339329287937,1.1495492686368411
100000,257,0.05298304981897644,-0.044573041911202406,0.2117890267194463,1.1972696583193094
100000,260,0.0816066525214979,-0.03159181739829788,0.1507407114603925,0.736328858728485
100000,212,-0.0035414918940447414,-0.17707459470223708,0.8918530512690889,3.1227554318224415
100000,238,0.030772445110430202,-0.13729244741576555,0.6954605399792636,2.6793289169906562
100000,255,0.0629441159301552,-0.10152276762928258,0.5113290827276109,2.094825127654183
100000,297,0.10425187428598373,-0.054582133134022895,0.27490810899333923,1.832151494231496
100000,285,0.06983111629734944,-0.03561386931164821,0.17585553209381674,1.0305007566845839
100000,266,0.04060910705171303,-0.12436539034587116,0.6391613534095136,3.6521545145287035
100000,267,0.110766299427439,-0.0934411807288306,0.5502858252791165,3.1184275941005417
100000,314,0.09882269402212082,-0.05953662303791704,0.3059814989726395,2.399196288682281
100000,335,0.10490302413153271,-0.044144711512364446,0.23907423816961124,1.508869775475186
100000,327,0.13182667398281267,-0.046673009219056906,0.27114745395177653,1.7758341413637875
100000,330,0.11027209157321323,-0.03956326949573299,0.21198316243732615,1.336090250527046
100000,331,0.11379440811769605,-0.03496093261447288,0.19421036570937192,1.1981912483056982
100000,290,0.11577813223121106,-0.03375120641758228,0.18420095145355583,1.156546246817649
100000,277,0.09150650122074395,-0.05471253732685167,0.30667000236285735,2.28335306058688
100000,222,0.09677020779006318,-0.04894125451451471,0.2801105532870379,2.090947372034182
100000,289,0.11282964383563941,-0.07306769850573198,0.4516281433916483,2.2846291039443893
100000,309,0.10810738109580445,-0.045014812062040395,0.2713420839946049,1.9399713986630491
100000,225,0.12233777082478353,-0.05427781487219186,0.3427904465213034,2.0507037612664223
100000,341,0.1283537847884501,-0.04350975755540682,0.273926294318363,1.9270499670954366
100000,296,0.041353674425802935,-0.07968883247016034,0.5321065776650064,3.021912387321133
100000,240,0.06091366057756955,-0.06497457128274085,0.4382820709093808,2.322272854748753
100000,315,0.1109667460134019,-0.02990593154971115,0.19818956694868642,1.3870581747063466
100000,284,0.004230115317886775,-0.10117025801945868,0.7101792815661263,3.232688198857361
100000,339,0.09006689112636743,-0.04384835489046836,0.29844109886825543,2.103088076978327
100000,307,0.10042522419545251,-0.03545065291271164,0.2487546888945134,1.7936720008117824
100000,340,0.10690597636840063,-0.03152589005246878,0.21766809346881125,1.6260611368681355
100000,310,0.11466592556116134,-0.02884063984345127,0.2105197504368023,1.6278784531327344
100000,348,0.11240924894613834,-0.02734279028419581,0.19127023044673727,1.5226763759216373
100000,276,0.022986287010403603,-0.09769171979421531,0.7235788906522796,3.936469123005981
100000,288,0.09269470087891019,-0.04590594710193648,0.33347548873539845,2.230368074721773
100000,293,0.1028989341774489,-0.036189696250829545,0.2763703861688357,2.0891558864728648
100000,406,0.10807262360536533,-0.03340426547802201,0.24741729809400528,2.053281865999807
100000,252,-0.061865436524094077,-0.1570430311765465,1.1984275376428382,3.164502704035326
100000,334,0.08926406609581478,-0.06077553436310793,0.47828400595269727,3.2991001855699142
100000,313,0.09583488068187355,-0.05443874878970331,0.42841553139838756,3.011609754308789
100000,338,0.08763521922716375,-0.04740921695895744,0.3617894453261398,2.5686737682250027
100000,405,0.11872721152782136,-0.03188981888282766,0.25467670444957685,2.176295286688159
100000,407,0.1245325336512072,-0.026595933983266564,0.21061785074156428,1.7637693875110367
100000,399,0.12552509063323566,-0.025247695521486015,0.20308494870122865,1.6732032329965307
100000,300,0.05374734756844372,-0.05434454031920422,0.45117272005377435,2.8845747344166277
100000,295,0.09330085334944631,-0.03217270805153321,0.2700681774969776,1.9833944169336677
100000,333,0.24370902950722248,-0.04122549528374798,0.5615489033526441,2.549501532166085
100000,364,0.2184712561350993,-0.03129986387157211,0.4065337230166519,2.2211010795012043
100000,356,0.208162321003423,-0.025105724449068948,0.34321429245729884,1.746767109294684
100000,365,0.20564868314649548,-0.024729904935338064,0.32777505303051985,1.8316106536004997
100000,220,0.24170122320413212,-0.029163721866406343,0.866072294592837,2.2333809505731184
100000,362,0.21424640398761746,-0.013822348644362444,0.6001515055488391,2.5064500190954666
100000,326,0.19485821528846173,-0.009824783964124121,0.4123621634900088,1.8865443018764774
100000,392,0.1922779689948534,-0.01076756626371179,0.38737051721788707,2.6331784170884998
100000,428,0.18493440931260463,-0.007785830722531553,0.3162425607853559,2.7742271421671516
100000,424,0.18647575712217968,-0.006706814959965551,0.3311716857044112,2.9153499974388373
100000,416,0.3062175897265907,0.07889088711986669,0.6922325127178851,3.0589321450796056
100000,318,0.2578881730008389,0.0825161453216062,0.6350862168513841,3.2159230564157286
100000,355,0.4405055680185821,0.23057713325972656,1.7333189245003762,3.5098621838427633
100000,397,0.3120061011424664,0.12930326196490965,0.9605430483298888,3.7978344871326186
100000,462,0.24239425367354825,0.07608443599772122,0.5419081875992847,3.4076096933318483
100000,541,0.22464612411585932,0.057889578137548366,0.435173687427754,3.265959884729377
100000,525,0.21932119577206383,0.05443007778284795,0.40315039374056055,3.247016461725927
100000,432,0.23308109590656959,0.06733882654916622,0.4859003003429942,3.40909570782815
100000,439,0.10932096108611292,0.07344810116316944,0.300539163525506,1.1324051985640387
100000,470,0.08550912766826906,0.10906587216690287,0.46710939347832914,1.6019063183485474
100000,398,0.09746185692411129,0.09064914488583045,0.38349681204570824,1.231079593418154
100000,412,0.10440441823884737,0.07979955534179417,0.3349317135770377,1.2392024749418555
100000,426,0.004115787876862807,0.25106306048863125,1.036477870393806,2.4701079244421296
100000,389,0.03807103786098097,0.1935277757933199,0.7989516917618921,1.1111692228801473
100000,548,0.1565854962973101,0.12727569130276167,0.36106887970988283,1.4392704663498557
100000,484,0.15537470472788806,0.09033572784090857,0.25943109654324825,0.6606501893871676
100000,533,0.15817142533995188,0.17328209500642372,0.49419692273931476,2.142506928232955
100000,552,0.15575831459473582,0.10190878575715057,0.2916325566887515,1.5562043481202261
100000,505,0.16059055970450156,0.24642344506380406,0.6972669309921967,3.115810649490992
100000,559,0.15689882269980035,0.13844013767629443,0.38737051721788707,2.0495691178350164
100000,561,0.15607117254237865,0.11475821510469018,0.3178948705729307,1.62678461912293
100000,443,-0.34073036199309603,0.5917195688337608,1.485624074837474,3.4589174651528634
100000,458,-0.17766484335124455,0.38691454774271034,0.9942509941925769,1.0427699035204534
100000,560,0.24591274365176136,0.1550379335676839,0.3929744306676939,3.358828893675399
100000,431,-0.013650616602074667,0.19632068604074657,0.50001912629941,0.6561643780003227
100000,483,0.050038967701590054,0.12136590699260957,0.3081002736508616,0.493576825892329
100000,500,0.2959484452589463,0.2377644062638622,0.6029824088768995,1.1878646816134066
100000,463,0.09626212365201377,0.06712428492354904,0.16881384004024383,0.1717665517601705
100000,450,-0.011340309150079437,0.38179040805267433,0.9519424412482117,0.9882783634274875
100000,455,0.11037488905744892,0.09778827890177492,0.2438217696930025,0.5107409217554517
100000,420,0.2393036665547375,0.43905300805910524,0.9960956157031382,2.9058475628112213
100000,494,0.2070268202636351,0.27893878066771033,0.6266287778524645,2.6805905526642246
100000,477,0.19359159810424845,0.2114783154380254,0.4728383795501918,2.850683947590101
100000,497,-0.1782588381241648,0.2936951782310027,0.5476352730521815,1.141881433033791
100000,476,-0.01629344192915068,0.15063686652415986,0.27929509713085743,0.11497606848233909
100000,522,-1.860515067640983,1.8075466671387486,3.3347548873539843,3.5986060860771416
100000,573,-0.22209874848068095,0.33888107320761646,0.6202681287967394,1.077143356935471
100000,530,-0.07028499297411872,0.19914081342666967,0.36874693465933484,0.6539951199048046
100000,546,-0.06154671247733644,0.19026726542993722,0.3542695723285988,0.4888102773846368
100000,467,-0.04841403658621858,0.18045231818499655,0.3325116867448337,0.8410236863105569
100000,492,0.04857809848928037,0.09217557733008118,0.171817568120837,0.21832830181283794
100000,557,0.11159078670795373,0.13513293852559813,0.24029324716865574,0.2521890907183892
100000,520,0.0694273010650626,0.07443240984991008,0.1372751361048744,0.054816922367689064
100000,521,0.07289106574731637,0.07206255351001058,0.131536458300716,0.11600519856647508
100000,503,-0.7050192196477957,0.7727010647339841,1.4203585631322526,1.9829229726485897
100000,526,0.0658909145039275,0.2819022296899424,0.5101497890974992,1.3990959550246558
100000,508,0.030456830288784775,0.11100713144728135,0.201840427392478,0.4737058481007321
100000,519,0.10061117627509084,0.1697196559644931,0.30512755764353705,0.3291512250709995
100000,532,0.10643447960138037,0.15222253207946707,0.2707411048495449,0.46606336153159794
100000,523,0.011308735708705407,0.46522398900120243,0.8324561175454552,2.5068868405225198
100000,445,0.05266425908355204,0.32681570455478487,0.5882528410511645,2.274995757282714
100000,469,0.09573528348815416,0.1857688811175956,0.33391957615125184,1.4549474429184113
100000,472,0.11334611896821281,0.12960674363031927,0.2299280563958045,0.8127589189613524
100000,565,0.10973848292876211,0.14066478266323143,0.2512310522072077,0.9418105973024777
100000,518,-0.11963062969181543,0.5448685379635911,0.8970685661887912,1.8075995152814885
100000,517,-0.037243406603133564,0.3773998535784201,0.6252665413788722,2.139281300109405
100000,504,-0.0031928476143201537,0.31300916439696996,0.5129310294863673,1.5624418988175337
100000,556,0.03161608680496689,0.24028225971774841,0.39809357651803623,0.19181692305921885
100000,564,0.03790209441687473,0.22838215496307557,0.3773555356807085,0.8210323289251256
100000,510,0.08825600219389218,0.1272418147332603,0.21123397486352574,0.7052623207527448
100000,551,0.018499992822471552,0.2693209481418757,0.4413646174439098,1.6965420518903325
100000,524,0.0724221575187516,0.16117708089847366,0.2634710922451431,0.3391377276703936
100000,502,0.13190949156148263,0.20446957062669277,0.3310287544632785,2.2419914163799213
100000,459,0.13029768380365012,0.22300560035134828,0.35721592605721325,2.800981692729667
100000,427,0.12851371491440908,0.2421517372909927,0.3862002135404916,2.980838691700672
100000,558,0.13660040162744003,0.15987306264544832,0.25481515750545397,1.840361101912174
100000,534,0.1378474276067323,0.14716144298556558,0.2345546251044087,1.4863452772637045
100000,449,0.12648738262008977,0.2637927650695293,0.41912219895705816,3.4547704909117014
100000,544,0.136172176376478,0.16527767972412216,0.2617725679492889,2.2190367685466583
150000,43,0.49899898188544245,-0.48070897936215135,0.8010377275106176,1.1618314686962417
150000,583,-0.1269359572215038,-0.5382266573227205,0.916595026656409,2.268445279448082
150000,54,0.0059605740332558,-0.28205436325366445,0.4803359757226496,1.2067391730403434
150000,67,0.08226994825438011,-0.13572585757973013,0.2298354181780786,0.682742839684617
150000,29,0.7078982939506252,-0.7601464128560719,1.2836713373914919,1.9754249099461776
150000,588,-0.05119081577525288,-0.3867161108824802,0.6679466743767003,1.502428278719105
150000,112,0.058234019959867385,-0.18037221445464188,0.30873808905347416,0.7902769556094676
150000,27,0.09086726122583366,-0.11688652104820893,0.2016130442598541,0.5080032772078784
150000,96,0.10272258215581047,-0.09432388047011526,0.16269561723151257,0.3702354880633185
150000,32,0.061873328530284155,-0.17147751049821608,0.2967913415500229,0.7559040370655026
150000,41,0.7746628573451779,-0.9137049086635431,1.6673774436769921,2.6596970217949236
150000,57,0.3725104627628291,-0.3256538007800833,0.5899950954549357,0.9941358530801526
150000,605,-0.041946532733056915,-0.3670321614142477,0.6889164288246257,2.0795656015231114
150000,127,0.02782746364514868,-0.23467097294452155,0.4414351793331893,1.2569217468589118
150000,106,0.0675302620064881,-0.1596169829244264,0.3006134024994353,0.8898368897047472
150000,148,-0.06966664992742554,-0.4153204130288833,0.7872368575718349,2.2241572328846297
150000,104,0.08054460332294743,-0.13395231520375486,0.25445286107298176,0.7496087062713067
150000,153,-0.016896080203432477,-0.30895689514847957,0.607847972983111,1.7640408401581114
150000,173,0.050162187559374016,-0.18836838066901865,0.36691419641550116,0.95181074211081
150000,183,0.07978020346197695,-0.1335704216794525,0.26049957128539036,0.7541739247155601
150000,185,0.1045463670311305,-0.08751927142345453,0.17151717554392318,0.4214534062682183
150000,99,-0.16692518899486924,-0.26484074447391887,0.5246393780598706,1.9624347554225996
150000,103,-0.12434992705588974,-0.2295170159997094,0.45466442396329637,1.5588951453064805
150000,124,-0.051772542195013115,-0.16896826472005885,0.3353792113116846,0.6507144250114142
150000,149,-0.026896603540010444,-0.1473466106974485,0.29449413894294996,0.49511980305476383
150000,156,0.007556484427265691,-0.11948691000613874,0.23786845681677282,0.4156156481485154
150000,180,0.047754611951056264,-0.08629940588298025,0.17180046333555868,0.32312734220219275
150000,134,-0.08722297086580584,-0.1947667055533944,0.39364408170750154,1.038239104133137
150000,174,0.01912001394159602,-0.10776735130717757,0.2188631140400364,0.365012293600898
150000,157,0.038586346982001286,-0.09222560954489317,0.18686904755881828,0.3607359010416189
150000,128,0.045196010270455736,-0.0866645145392244,0.17600567610460857,0.2872002402576214
150000,151,0.07364725017406017,-0.06370358834742312,0.12924438526161294,0.2164560905189614
150000,132,0.07934471702743288,-0.0695348247404048,0.1453189890283093,0.1463912634307448
150000,601,-0.4686421950887207,-0.588504559451035,1.2370864904700267,3.0092038016744995
150000,91,-0.06581396638965306,-0.2092736234637283,0.4345221243638649,0.9878171736509707
150000,123,-0.007257636724430685,-0.15209482179024306,0.3178589407755559,0.49738469873819874
150000,136,0.03162145442143851,-0.11538847707747561,0.24039919263169296,0.15915900649682535
150000,108,0.045920860318581405,-0.10157886641152168,0.21191014243131964,0.11084822367946849
150000,137,0.06821813123080693,-0.07961949021088609,0.1674867534514573,0.10219294544516015
150000,130,0.07033984858095249,-0.07836248108039293,0.16325960495773018,0.087277034006624
150000,163,-0.08755389981557031,-0.22444157599780873,0.4778351164684865,1.5010095032266297
150000,116,-0.01745761877223113,-0.15913290957764534,0.33818061026958396,0.8160662939869437
150000,119,0.036374576519122716,-0.10912372955736818,0.23092943318689776,0.21488218017790295
150000,109,0.04874075853100307,-0.09737912051047042,0.20629199141780968,0.11860896057807431
150000,146,0.05811234741989268,-0.08791355122496584,0.18762074953312535,0.08415429688042049
150000,110,0.0807984492558378,-0.0664334426452572,0.14242268335443484,0.13163889000559412
150000,139,0.082592925004706,-0.06511498293094645,0.13884750617150912,0.24025980004015185
150000,16,0.2567581623182438,-0.19714304876849062,0.44592652563454444,1.5885197303337921
150000,17,0.2712876605193081,-0.2208624448093995,0.507942797411534,1.897596760151956
150000,12,0.11758649668454882,-0.14401133098046176,0.36407925194212803,0.6785143583588401
150000,82,0.13015049733549586,-0.09268467657904222,0.23224636611397922,0.6557612521343235
150000,237,0.13076939274102956,-0.09065333224292452,0.22575235440512625,0.7808786957676361
150000,610,-0.1368779726986242,-0.6420228719435469,1.6414260437754051,3.6510830811081973
150000,201,0.06323122645334887,-0.1957157009270322,0.5055080805875124,1.121340409465631
150000,10,0.07806843982145231,-0.16561661876408101,0.4212847802099991,1.049618549295657
150000,213,0.10823277864923812,-0.0968137240211075,0.25005719813294547,0.6454360264410332
150000,206,0.0324217870816096,-0.2607252044479439,0.6803975697585146,1.4501596074986105
150000,105,0.05511477812257527,-0.06509130674492397,0.18982478057266586,0.41522022757204524
150000,145,-0.11094899778096526,-0.17799486453817434,0.5142379031901004,1.3898429720387053
150000,171,-0.02293761688753697,-0.11553762580388992,0.342303676437999,0.8943137857621726
150000,162,0.005529541033012386,-0.09823067011586702,0.28669179152931584,0.4501855759085595
150000,216,0.03809117061500582,-0.07677290201474041,0.22308117041262773,0.4513941441441202
150000,260,0.08164662224945739,-0.04767285997115968,0.13799361898929638,0.41040950002455945
150000,603,-0.29994396739897466,-0.29818990911009174,0.8834481534037257,1.6018067787409607
150000,257,0.04131861868571007,-0.07288145240396084,0.21677620413683404,0.6204182450191907
150000,208,0.04938871907869233,-0.06714870290900998,0.201010896777785,0.5361112969848255
150000,188,0.07967724352333874,-0.06327043911182074,0.20544472073877224,0.18240072683478853
150000,125,-0.16082814673945753,-0.2693871457885914,0.8859662324488308,2.0487410793884666
150000,210,0.08144814371652373,-0.061285085337188884,0.20043387389148515,0.3405026208228443
150000,259,0.09195267170193465,-0.0521570228040462,0.17071080923741921,0.14092414192494304
150000,224,0.09477372932860892,-0.049899804457108475,0.16272849167427503,0.12845723234752457
150000,161,-0.07728706934184107,-0.20466760955339394,0.72085866925885,1.210904959083565
150000,202,0.08413019527314991,-0.06118559656229084,0.2140049174362211,0.3773467822068314
150000,79,0.6841589450899819,-0.40814392059786975,1.4099147501680456,3.666982660966081
150000,181,0.1367392362361955,-0.06583741003964967,0.25507414036550236,0.38931039925180083
150000,327,0.1377086897603428,-0.060148623113712954,0.23916652549647785,0.7039801316252876
150000,330,0.1383848152346373,-0.05895845204041157,0.22807208581441743,0.755076630028744
150000,64,0.1261262579458664,-0.10737776014310249,0.4292208808236015,0.7869944576355061
150000,238,-0.056783920877395345,-0.15357469510022834,0.649994596687641,1.99983807484999
150000,249,0.023218211430912176,-0.09196232762831874,0.4012672173871386,1.0367814670005857
150000,40,0.23425796554874484,-0.15584250028770225,0.6637763947134715,2.562034510678566
150000,356,0.19700593718430187,-0.08244530704549859,0.3621310784189879,1.2280288959747943
150000,229,0.18975279946533236,-0.0698772213904081,0.30339937661844,0.9267073356847811
150000,142,-0.15705794929483058,-0.21816256178643642,0.9617474910237197,2.6645703643343785
150000,335,0.07637635903187567,-0.05294802804050276,0.2359980381819743,0.6002439537276563
150000,333,0.2284262271658858,-0.10542748946117807,0.49166257954577974,1.9224524294765812
150000,365,0.20643991350756855,-0.0763735106025758,0.3496931416830166,1.1221569697642373
150000,198,-0.05634222429139439,-0.06507745286370362,0.32996857632995924,0.5667470493163338
150000,242,0.031785427523911225,-0.03783979467132288,0.19058372768698917,0.7286371355070361
150000,193,-0.3415731362938819,-0.15237030937967716,0.7810967600365203,2.4348549373626454
150000,97,-0.24938882334808254,-0.12289246930880945,0.6352957969729061,1.2031762262441315
150000,197,-0.20017600617813433,-0.10514774416150026,0.5574596021891928,1.1307387810497023
150000,187,0.019706272331443363,-0.04080031032003064,0.20968841484880765,1.09466708733434
150000,285,0.03576639717888061,-0.03476018140146964,0.1842873287545284,0.7020624093613754
150000,218,0.048762714527821924,-0.031858306824843655,0.16373203550338586,0.610906788894611
150000,90,0.6744784261693446,-0.1796183351691781,1.0829321316184644,3.8448537972958996
150000,73,0.506041582895517,-0.1344278239516054,0.8484442744374078,3.9914765225534947
150000,200,0.03416631602908548,-0.03644407043102451,0.24583128977288987,0.9516553565579564
150000,217,0.04524292632109937,-0.03443770229748486,0.22277823106389688,1.1680269105737662
150000,228,-0.14978768994484315,-0.08987261396690589,0.6286832984355872,1.1441899810697982
150000,258,0.07645541759736096,-0.022560615028729462,0.15781761812580586,0.21413799829256064
150000,209,-0.17169619712248999,-0.09404801440822551,0.674280109091355,1.6393602456742908
150000,635,-0.01091132549286682,-0.12714066226470905,0.9557552948179644,0.6211857589113712
150000,313,0.07952616797627136,-0.05414547606895071,0.4261075689396758,0.32947643904439106
150000,406,0.11161198677256531,-0.030582945528075806,0.23819677766814173,0.20543119024438647
150000,399,0.11816107425742711,-0.025235205919316214,0.19984200731928517,0.16092925399697885
150000,310,0.11507836444341975,-0.026245942767797497,0.2178959159350615,0.15660188530629407
150000,168,-0.6262471845896199,-0.3097014765320252,3.0162670610336617,2.1787773933949373
150000,252,-0.17766484335124452,-0.13197959791806735,1.2783227068190273,2.858035434763818
150000,339,0.0724577817354154,-0.03274927988041373,0.3092716226175066,0.46928475121377144
150000,295,0.07813830991691974,-0.030656453708280552,0.2872635296222533,0.45951360601789004
150000,307,0.09002962412408079,-0.02554031890044844,0.2411929635507599,0.32463081261820403
150000,290,0.10759580000439768,-0.01856285367488011,0.1731362582599134,0.409909285172285
150000,192,-0.18947343373826248,-0.0721408697384194,0.7308650864227164,1.989302307571209
150000,199,0.00254321193281065,-0.0305185431937278,0.3202282244546739,0.7141206463249176
150000,215,0.0211571738760983,-0.026724851211913644,0.28042136867677564,0.7415433770938157
150000,320,0.04012306658105302,-0.022383194413169046,0.23986189198366487,1.3980316580929837
150000,308,0.056263418081021956,-0.01793906083742729,0.20534497149562564,0.9262186375299412
150000,349,0.07548594204643623,-0.010651724003672786,0.12317239708447383,0.6513283740702484
150000,251,-0.2468053488918766,-0.11027473035594487,1.3224028001576145,2.5245343387396466
150000,624,-0.06768184508618838,-0.06768184508618838,0.8522151378793515,2.432641189002109
150000,636,-0.03476385679426949,-0.05137667331542482,0.6197928275486193,1.727057106469145
150000,288,0.06442791022627548,-0.027032689605430274,0.340381785839386,0.6936593521370129
150000,348,0.09911296227207911,-0.0146920391132729,0.17618536541150454,0.47513614791491476
150000,293,0.08557754908232033,-0.020814466150425183,0.2999769217319249,0.6614216819988648
150000,315,0.09906657163825154,-0.015555907943196523,0.2061810817450044,0.4056607629072752
150000,276,0.014642706869608066,-0.04978520335666742,0.7374938693186697,1.011588113420282
150000,340,0.11067162168889816,-0.014608654062934557,0.22296326281727222,0.362442699821231
150000,191,-0.37682324561499486,-0.04115787876862809,0.9980898011199614,2.1108979224598903
150000,338,0.06256305007966993,-0.018484537523538843,0.35807358734426536,0.7691705524118115
150000,214,-0.1944951102663335,-0.025651274976695067,0.6541523446408669,1.1792108724433332
150000,234,-0.016029910678307786,-0.01386857440707527,0.31750179589828004,0.41688694070042026
150000,336,0.023205204029550303,-0.01063571851354389,0.24349003939410044,1.1881627607998806
150000,322,0.06595746686743201,-0.0071130601523701174,0.16284365691962133,0.7753593193831116
150000,204,-0.14327044777590342,-0.019925029160887234,0.5575239219771458,0.7238108291559642
150000,371,0.02869792519611939,-0.00833165570209918,0.23312876112201106,1.245185513319037
150000,277,0.061518763166088467,-0.007689845395761049,0.31746424838220877,1.1361186095134912
150000,222,0.06594982936547886,-0.0071945268398704194,0.3019659937367781,1.1261163838658306
150000,309,0.07452203155766488,-0.007200196285764712,0.27198355464234625,1.0115992001772804
150000,369,0.049812572902218084,-0.00569286547453921,0.3584082355567366,1.6884477748824134
150000,641,0.47079150709551737,0.014026171843519298,1.228593905867257,3.048015237720086
150000,397,0.37868890757294354,0.11499924120839099,1.0181331293248894,1.7852528238048673
150000,525,0.2383377587179878,0.04271946932533889,0.3869796287040445,0.5514568554610889
150000,416,0.3208199712237605,0.08818034856337884,0.7578988380349961,1.3581737620720027
150000,650,-0.07745449918029466,0.31704708331133974,1.6471182659210974,3.5645634733809
150000,466,0.12121553100170998,0.0444837780234308,0.22274742229179564,1.0282521550211734
150000,426,-0.004462539236451982,0.2186644225861471,1.1238001818189252,1.8706625036734774
150000,389,0.0376552610205458,0.16907212198225055,0.8218353276891335,0.6698992960015546
150000,470,0.08925251452950342,0.09227482189981467,0.45190724421232387,0.45915472623970643
150000,439,0.11077896564785927,0.05996834673737449,0.2975726960587455,0.27758204978936263
150000,455,0.11560332977776358,0.05179697522111177,0.2629842702182124,1.0019457136974026
150000,432,0.23621580213262108,0.11060380790463885,0.49297929775559696,0.879044299038604
150000,548,0.1411278033527939,0.10751930472826493,0.3511875568184141,0.5392200381044326
150000,420,0.11397664750927222,0.35044272117996156,1.071885499506638,3.4236092727164156
150000,533,0.1355700372610542,0.15135558954487557,0.467679039080132,0.8233571615308125
150000,559,0.13787240209591844,0.13258809400164984,0.4032563743908604,0.5093570670112969
150000,477,0.15751728379594873,0.15420296663966632,0.43928615354605743,1.5109697022270434
150000,657,0.16225909586164813,0.2989158343844706,0.8373292839425941,1.7760786769569465
150000,461,0.0865718046159417,0.07611399352246281,0.19801413913992458,0.3862475937128693
150000,463,0.09848811968384207,0.06308389365370277,0.16210614035748536,0.16281652862193483
150000,460,0.09971039600297053,0.06102150417847408,0.15842299700914475,0.24239056195459774
150000,429,-0.1332486325134334,0.3382465286879463,0.8604095142051146,1.0497466773918254
150000,390,0.06321462338573933,0.1071784289016381,0.2683974439112624,0.8075502709029023
150000,542,-0.24869081109818741,0.3630837878521271,0.6643251862209117,0.8871384000058037
150000,492,0.04857809848928037,0.09217557733008118,0.171817568120837,0.0
150000,521,0.07314845565084206,0.07080562255170478,0.13111002121220794,0.027040514690661755
150000,503,-0.7050192196477957,0.7727010647339841,1.4203585631322526,0.0
150000,497,-0.19909635739063292,0.319305478834034,0.5821583484564831,0.9553915305316757
150000,508,0.02716419998729453,0.11318416661372721,0.2072955740787612,0.13466925675461372
150000,478,0.030456830288784775,0.11100713144728135,0.201840427392478,0.9262593283306565
150000,493,0.04340742980950982,0.09906349080289123,0.18038420133852692,0.41358662848566946
150000,491,0.05461667878790519,0.0886717843850696,0.16181300086316802,0.2585891068554887
150000,547,0.058864994863077294,0.08525863815145246,0.15477449813503918,0.1449620694231804
150000,520,0.06896092963155372,0.0750457175402202,0.138047808511774,0.021823577024591475
150000,671,0.0948549587383763,0.6278494887921098,1.1374905442033716,1.7137339428157343
150000,543,-0.023280220852921696,0.17889011813297725,0.30856065337011007,0.3190051746104335
150000,577,0.03886006159846299,0.11607644325614963,0.19934688805454354,0.884797116973919
150000,511,0.04328959789992049,0.1105751869680078,0.19156181983470344,0.7972879736563845
150000,578,0.05794134483598339,0.09612995847788154,0.16581085140950944,0.2476797563024645
150000,513,0.060558830822823914,0.09365493603994864,0.16121052632236113,0.38597381023476485
150000,554,-0.27317825495790243,0.43946067101923436,0.7477653716768684,2.287064023333564
150000,570,0.00931285294321657,0.14667743385566084,0.25127716233884156,0.19175459176110862
150000,514,0.04767419055202905,0.1076137164987608,0.18385574168344343,0.9916664176285096
150000,569,-0.08674715356117103,0.24856395924258623,0.4201060538841874,0.445258842766044
150000,564,0.03703135218622464,0.22894275890238905,0.380228183799015,0.06107233750437661
150000,524,0.0725742756024186,0.15872359556212412,0.26296924254562853,0.050178016413419804
150000,510,0.08058787126164887,0.1417332141419908,0.23653175085056016,0.6029190190092055
150000,472,0.09117836787872577,0.1226385071029042,0.20159285721694847,0.7328980887334604
150000,515,0.09827826977600271,0.1092123704709768,0.17816971417018684,1.0325531185969579
150000,669,0.10689176014813888,0.45978099570569325,0.7374938693186697,1.077664326180437
150000,665,0.1218273211551391,0.3065332596806725,0.49483459618801057,0.0
150000,667,-0.33607536870383103,4.9781163989255015,7.934416800945671,0.0
150000,664,0.11065444514091116,0.4219372167873095,0.676361220539168,2.599651804113426
150000,445,0.11606311286519005,0.3692209093832221,0.5884861565918796,1.525473106089881
150000,449,0.1261843106988699,0.2659447482369009,0.42404623308440437,0.10764570819006711
1850000,706,0.14343776920236812,-0.1845102581810198,0.31825461580556696,3.7690096970541824
1850000,709,0.05969904224866804,-0.07326700639609257,0.15769925287143124,1.3627518903527291
1850000,712,0.05328053223323086,-0.08116739659100505,0.18603290964443975,2.6149007125116013
1850000,716,0.06735785348692468,-0.009622550498132097,0.1346246986597348,1.7578871496116246
1850000,710,-0.05872727710107914,0.06660842684191659,0.6402284007440872,3.8065811031356054
1850000,713,0.09237411203928671,0.07095328598435234,0.18052977029723993,1.0642612325283314
1850000,717,0.018347488125773963,0.16709319543115572,0.33003167990164217,0.9261016256738149
1850000,714,0.028469988535658002,0.1556763202907257,0.3050889515081211,2.630375500524423
2150000,714,-0.02574287521664574,0.029197546782515942,0.28064164803930347,2.7952520738755093
2150000,717,-0.009285863574152078,0.14774261317559606,0.2676851183777497,1.4177645634806213
2600000,724,0.03249966646669107,-0.0346663108978038,0.233839519540066,0.6276458062215845
2600000,732,0.22193063934039528,0.09400067886743452,0.46155416535860827,0.9908417190959377
2600000,729,0.4656380784535366,0.292122002048681,1.1062408039780047,1.9390768298586232
2600000,728,0.07059916599507582,0.04113422481531277,0.14693364446195717,1.5382588582138708
2600000,727,0.01970736077509603,0.1289936341642649,0.45117272005377435,2.511434758302061
2600000,735,0.40945646612915065,0.45713290396610656,1.4125112782530687,3.131498004926964
2600000,738,0.0643746640194769,0.14536214456010915,0.34863346549609836,1.7453482580263595
2600000,734,0.09437969864937797,0.09665940151530497,0.2296388096082085,1.09308179815518
2600000,733,0.06016875979733102,0.15368985130340626,0.26625419692325303,1.660803593777477
2750000,724,0.07681325954321332,-0.1041932979656902,0.18780451128585124,1.8885887267539496
2750000,728,0.11114133628090068,-0.013680492726621009,0.18501759356721906,1.5618845040705132
2750000,734,0.09093226309241498,-0.020085439638886853,0.27589698708324334,2.5124539184907424
2750000,726,0.10855126692669445,-0.01483794296120284,0.1966650318183119,3.6621581011376003
2750000,733,0.038150297481788,0.05051479832768607,0.2661324164092354,2.10996863197321
2750000,727,-0.06130377551265007,0.2695972854931315,0.5262993760920058,3.576378359017849
2800000,723,0.8368376703156578,-1.2748358963734199,2.9218804727292054,0.0
2800000,734,-0.013931865785192402,-0.04815754762742806,0.3244817024183676,2.378655362710187
2800000,728,0.06339430738842079,-0.025495536667082278,0.17352796925145167,1.0102248261237323
2800000,732,0.20154133732415805,-0.035401616174568294,0.4001427504650546,2.8935818272912255
2800000,726,0.19715875880857825,-0.033149306730664053,0.3645406958609394,3.8141228212237093
3100000,726,0.14343776920236812,-0.1845102581810198,0.31825461580556696,3.342961773943569
3100000,734,-0.08251252827240496,-0.0676481389880379,0.4583627235606074,3.0336326897539925
3100000,732,0.19443422907572422,-0.028553278395735723,0.34240786789795374,1.1714482289926205
3550000,760,0.029540343187134072,0.03911436023116369,0.20607029126582924,1.1090975884860457
3550000,771,0.08523994088178419,0.08797201726188877,0.209036625062191,0.49482928516161306
3550000,763,0.11122225961575834,0.06729414027171933,0.2615226411647634,0.7410555114652358
3550000,767,0.1164838992151502,0.06449293605694474,0.2171288845494249,0.6195047020120357
3550000,766,0.1253066610391228,0.1394257214378972,0.44444994773509233,2.370574951424976
3550000,761,0.20304553525856517,0.21239631648757804,0.6728014246415933,2.012773930573272
3550000,758,0.07209015553689592,0.055474189709281696,0.14565930830837925,0.5247479350907269
3550000,776,0.07345651825700232,0.054069000667499395,0.14317753337675232,0.8011796071172712
3550000,768,0.03208844619711253,0.13161701660510566,0.273926294318363,0.6264572452726944
3550000,772,0.055778002985602496,0.09523073680468717,0.17129952520187972,0.46903194158358147
3600000,754,0.14343776920236812,-0.1845102581810198,0.31825461580556696,1.6896121499111771
3600000,781,0.8368376703156578,-1.2748358963734199,2.9218804727292054,0.0
3600000,767,0.10022499667711864,0.008509669529189318,0.2381097810364149,1.239141002510481
3600000,756,-0.02577116409051019,0.029229631998760466,0.2809500454547313,0.5645271921086749
3600000,760,0.021795916040193777,0.05989388460468404,0.2079798792042275,0.4451567414376505
3600000,765,0.5700710996861024,0.6952013053387845,1.7535197769653124,3.1196908549133906
3600000,761,0.30013284216618,0.2412397803618146,0.6205450033102073,2.27935290301446
3600000,784,-0.35630586716046286,0.3592344085343846,0.8604095142051146,1.4247158431368239
3600000,775,0.09313066769971848,0.08065072539758734,0.18166594601881011,0.3889644472768104
3600000,758,0.099392235925087,0.0726530857293114,0.1624360774933689,0.7271803204918733
3600000,776,0.0703577693448509,0.06570089024433261,0.13765805561299713,0.26485296655524837
3600000,772,0.07514486222496962,0.0627922821331938,0.12961446963944512,1.1251617546851207
3600000,771,0.08006763810871764,0.063422907724346,0.13064847105804278,1.6461001407254183
3600000,778,0.07827170816007113,0.060246993031726676,0.12436053896901766,1.9863878713745513
3600000,762,0.15228415144392388,0.13578477600675215,0.26769124968289193,0.8636607647851106
3600000,763,0.07872918155928377,0.06790115213676746,0.12774710594460634,2.753329795605891
3600000,768,0.07031681053544696,0.07587321732873818,0.1423573498766323,2.958321560565018
3600000,774,0.07447864771112275,0.07238594795555084,0.1351292501922862,3.249787642293198
3600000,770,-0.004965787547084487,0.14286984588590962,0.2605277255745301,1.2437446701030979
3600000,773,0.020985436952399242,0.11900216305694684,0.21753239255178644,2.9171094477202857
3600000,785,-0.06974089702214135,0.44862236743200234,0.7324783560994571,2.9414387519201433
3700000,767,0.0815276080279729,-0.08660720977426402,0.28781884915870753,2.1787890695807746
3700000,756,-0.03143667469485827,0.03565544922100807,0.3427138624179698,1.2471019562570085
3700000,760,0.03350065732556765,0.044358211084823664,0.23369702135631215,0.6448967423529928
3700000,773,0.033932474473240305,0.08719072911004788,0.18863591345091402,0.8976858280603829
3700000,757,0.2692209481806731,0.4564489457163931,0.8535700109125464,3.976508979189705
3700000,775,0.11787851634912169,0.11645627733000524,0.21068359403692255,1.0462346693666595
3700000,785,0.016834054590376693,0.46549820519476387,0.8294313748059774,2.6214426549678143
3700000,770,0.03166886333022183,0.12440739149087146,0.20096562648573363,1.446458228232615
3700000,790,0.07741266504688166,0.07761531600250178,0.12474865670026417,0.2002851027707074
3750000,767,0.07172405863111782,-0.09226178467086521,0.15913878785620084,2.583535714857043
3750000,781,0.8368376703156578,-1.2748358963734199,2.9218804727292054,0.0
3750000,756,-0.007838154853731375,-0.11645258639829471,0.28198295003360896,3.3095007694630953
3750000,778,0.06078569070240659,-0.06718418446055466,0.16113311430491942,2.675570077604668
3750000,760,-0.025884944064419723,0.02935868114665786,0.2821904430064078,1.5624656788743059
3750000,766,0.0435622295254447,0.20047440872670919,0.36999210038177344,2.5261088920053862
3750000,762,0.06365149995939778,0.17675247212530984,0.29240619157457143,2.0144406059399267
3750000,773,0.03660603540456141,0.10563238490962837,0.1916525797329876,0.37754092341948137
3750000,758,0.09909154820924028,0.10738401954320628,0.17548664370608982,0.7420634622888317
4050000,767,0.11757994006044463,-0.1512482048354618,0.26088218506510763,2.5245893528337784
4050000,758,0.1202106013370518,0.10934464219462672,0.19640302501086496,0.5957695705835723
4050000,773,0.04612622465377882,0.10411953313885139,0.17788600386455222,0.33611982087502384
4050000,778,0.07822755728282002,0.0737926091534003,0.12409465777510494,2.9360192308356257
4050000,762,0.10288886719369929,0.09965336822534396,0.16295898528854458,3.1138671792428374
4500000,804,0.07423852382891288,0.07994917950806003,0.23968550752856763,0.9242470785722503
4500000,805,0.09390500035275157,0.05923348013153094,0.17928789716956908,1.6449426972850516
4500000,800,0.07709938450148639,0.07198344403456534,0.19960291014951692,2.2448060230403057
4500000,803,0.042922220932390044,0.12942096494552968,0.3295455050724229,3.3329957031001802
4550000,806,0.0055394367258041095,-0.1761540878805707,0.2789990034724068,2.8724051790482794
4550000,805,0.050367884715302985,-0.12880537185007168,0.23122116144013413,3.9975569654669822
4550000,808,0.22055116315236176,-0.31141041114496343,0.8553067227474276,2.474805794892475
4550000,804,-0.012335867016407228,-0.04870540597857342,0.32136604361372195,3.505358041178328
4550000,800,-0.0016909409369997965,-0.045456471071112475,0.30058535235457207,3.475485731602342
4550000,809,-0.19357007694649883,-0.04177412241795069,0.611918410477305,1.6288816352732722
4550000,803,-0.06661029893791663,-0.02748996464104496,0.38728901700387114,3.9976355963513943
4650000,806,-0.023748044448338793,-0.2119847084522709,0.3365629269568854,1.477185866572765
4650000,805,0.06394145788396301,-0.10597290572377084,0.16890589456711141,1.3548071277388063
4650000,822,0.0967242057397368,-0.09999929171286559,0.16417839606876022,2.060739487003014
4650000,816,0.0596485260587829,-0.16753219278013512,0.2737361997352135,1.3369575885069962
4650000,800,0.003437565495348169,-0.16266559923987534,0.27701801321586145,2.3932990434450194
4650000,821,0.027257534881127064,-0.13663416849310728,0.23268672706603455,2.488361181757243
4650000,813,0.08533672414661057,-0.2041353587988423,0.3566859203649433,0.6471844489912918
4650000,804,0.1152614930809083,-0.11074261593450575,0.197251208981096,3.770103123194618
4650000,814,0.0904187149198298,-0.16690071062269335,0.29960688441070954,3.892916408254751
4650000,798,0.8368376703156578,-1.2748358963734199,2.9218804727292054,0.0
4650000,803,0.10335548016530179,-0.10858425656489547,0.35113640058289797,3.8351877097673714
4650000,807,0.31961428577051054,-0.18082153782123686,0.7384255840095166,2.3118542055561173
4650000,820,-0.10189808285157195,-0.07712727818047159,0.49620659599259836,1.1922150843305257
4650000,811,-0.006933041398044128,-0.054197045278953956,0.7159933455556033,1.3487013256810125
4700000,806,-0.08207155751489593,-0.2409440220620798,0.37923046926646053,1.5570219250756245
4700000,800,-0.06308536499816116,-0.21317132782124232,0.34681450828481436,2.1769409385547736
4700000,805,0.04380640807835399,-0.10542148233684752,0.1707370250127742,0.4045132072677158
4700000,813,-0.07332199884337075,-0.21996599653011226,0.35508964078306315,3.1890906277679765
4700000,821,0.020261260234756606,-0.1295876435847975,0.21259951200828173,0.4481506804579406
4700000,820,-0.10228102319126639,-0.24797043818784478,0.40993218226072686,3.8278352330990852
4700000,826,-0.04554344350285693,-0.27084724777169095,0.4901365134781738,3.2926221325353797
4700000,816,0.03859036996191775,-0.15422165966664958,0.2816870602644237,0.5230037908543632
4700000,827,0.05462739276672529,-0.13382338680290742,0.24195382463451623,0.8719506604540551
4700000,804,0.06104189986299602,-0.12452034614909482,0.22606127867957537,1.258508681672577
4700000,822,0.0777398282568913,-0.1019418502613952,0.18469058715651582,0.5603320820178821
4700000,828,0.07549207266641152,-0.12343677657366763,0.23197801294270082,1.5210641711486539
4700000,814,-0.026868474775944784,-0.21410815837081001,0.4228925959877224,3.5318094324962765
4700000,831,0.04996590669315818,-0.12140969566636045,0.2629263158001917,1.7321787515966316
4700000,803,0.11311396956466548,-0.08645060205788944,0.2909798665106346,1.2967552380893446
4700000,833,0.04507346328296813,-0.16779503357208397,0.3914082555081061,3.234805747815067
4700000,832,0.06692151971298102,-0.10194803436344943,0.2336614239425488,1.7511775730671064
4700000,808,0.2543150448389993,-0.25961327493981173,1.0006890082851445,3.159680488516176
4700000,809,-0.09244377785038585,-0.1386656667755788,0.554287960133327,3.0289119197317325
4700000,830,0.3643942195265321,-0.1318889525898269,0.6848157357959075,1.474246884695042
4700000,811,0.06687183110288387,-0.11488799835380704,0.63496277707559,2.5057137919727692
4700000,807,0.23308798690396512,-0.020511742847548916,0.7826465551953229,3.749214587225677
5000000,822,0.06995959948812742,-0.11226075266699517,0.2048594081440749,0.4790795535519345
5000000,805,0.05383166300276162,-0.08200698748600946,0.18795722339193718,0.614907972833987
5000000,857,0.07867845399384607,-0.0602643477399672,0.14052181653906695,1.0000709693995464
5000000,803,0.12885582045255095,-0.09761804579738709,0.24583128977288987,0.9820207025303065
5000000,872,0.1239430354782622,0.0473685091408086,0.22984200878065958,1.7592321537849889
5600000,885,0.07002237556861833,-0.11380087571682582,0.20470319386304386,3.051790439465659
5650000,890,0.09114420937035803,-0.08433379541318756,0.1521428547085076,0.8652236044910919
5650000,885,0.06181275519864068,-0.12311466118076367,0.22513231166722217,0.4781185294649882
5650000,889,0.4245497555406363,-0.5099211737743512,1.1621115516536613,3.8530828306537073
5650000,884,-0.35630586716046286,0.3592344085343846,0.8604095142051146,0.0
5950000,885,0.07897831349957085,-0.02487162358826264,0.3296534200965973,2.8893606859988523
6400000,901,0.8368376703156578,-1.2748358963734199,2.9218804727292054,0.0
6400000,902,0.07705186155319863,0.009395288295655693,0.13217950782825422,1.8252354657840368
6400000,904,0.05312183569950057,0.20092017781262264,0.32714439440643595,0.6025140055939671
6450000,901,0.8368376703156578,-1.2748358963734199,2.9218804727292054,0.0
6450000,906,-0.028954561675047494,0.03284023878295429,0.3156545583333551,3.6015207418910613
6450000,907,0.038150297481788,0.05051479832768607,0.2661324164092354,2.260125915378201
6550000,901,0.8368376703156578,-1.2748358963734199,2.9218804727292054,0.0
6550000,906,-0.03931367517882798,-0.016082867118611444,0.3375120462887541,1.0915184475510131
6550000,907,0.030468083505222524,0.04034278092935283,0.21254210902219187,1.1017091077723822
6550000,904,-0.04523843193508513,0.13747783211441458,0.4438590945074453,3.305873239947764
6550000,903,0.058277221423093495,0.14885827005675162,0.25788390588719834,1.1950837977949356
6600000,904,-0.037305547407680495,0.11337010510905507,0.36602520874813077,1.6373425946556333
6600000,903,0.025741213099185995,0.1483905225717781,0.3813178528863576,2.553017814050998
6600000,908,0.04714715040007261,0.17977711960804393,0.28818095964359064,2.2155862479580914
7350000,917,0.06368694609571425,-0.08192329629933288,0.14130632869035697,0.0885741345341999
7350000,925,0.08391905732776803,-0.02415988665524644,0.307435092791987,1.2598938607369559
7350000,924,0.1550189329915936,-0.06261210385454338,0.6886993789100622,3.4571361946385153
7350000,923,0.4261449505426677,0.04997802912614375,0.7496336860975781,3.7117558693318475
7350000,930,0.06305068763394195,0.10640137210368016,0.26889143930685205,1.0685886315966113
7350000,929,0.05643656958273783,0.0857583627179033,0.15879785177876116,0.5306829982395588
7350000,931,0.05325316081792699,0.09018403924735867,0.16407204298285197,1.010753388684426
7400000,921,0.10231591425138636,-0.017151795702994035,0.22470516330803214,1.2347989783407076
7400000,925,0.11607673082089301,-0.018103710311515427,0.26817958884315257,1.0221130713719995
7400000,930,0.00952428939160523,0.07040200925448944,0.25679415499644004,1.312611705270353
7400000,938,-0.1589535303392782,0.15456285589983662,0.5598493606506689,2.8577618126525826
7400000,928,0.04822331462390922,0.1065989060107467,0.3195806767047568,2.1054714182992527
7400000,931,0.055761932506576184,0.0894429537833585,0.2562502562352002,1.8443064974614287
7400000,929,0.05045466850458304,0.09715207446095245,0.27034014947834417,2.245643247169499
7400000,920,0.06755891884917478,0.09966278191214237,0.2553065718318719,2.6232153617325746
7500000,917,0.06485647725660547,-0.0834277152375718,0.14390124279388675,0.06438837995391768
7500000,941,-0.25567110885101463,-0.3327578753387577,0.6470913950150907,2.2636981032102366
7500000,918,0.05661111643367429,-0.08624119817192323,0.19766189013044644,0.312057445005932
7500000,921,0.11905195077302211,-0.04630634242035373,0.22741459500635,0.6745142052992165
7500000,925,0.12088301151226681,-0.043138643323985405,0.21488428018997469,1.181564747182418
7500000,931,0.08380508682858016,-0.01991526685362459,0.13368268495914712,3.332773526882687
7500000,930,0.0676089120634662,-0.024614895168737695,0.1653003500197018,2.8825788361275775
7500000,933,0.34892735000514685,-0.1216443972495007,1.1516420782153396,2.2418466410674034
7500000,928,0.07857394691981613,0.12336562107564225,0.37979382227849295,1.3896627669636519
7500000,942,0.09576727031869163,0.09450579145609635,0.2912047584780596,0.6776110582838019
7500000,939,-0.030092042067947602,0.21846203810817857,0.549562855400738,2.4295413537198876
7550000,917,0.06899900674205733,-0.08875643158009136,0.15309253973880568,0.22806640079288254
7550000,918,0.058239918848610614,-0.08651275218057249,0.18666511494619434,0.22240126199237154
7550000,921,0.05897969887444225,-0.08984948927319714,0.20593197049037895,1.5448215744362088
7550000,930,0.06118114093270765,-0.08812878865184479,0.20107317448981948,1.463560846382922
7550000,925,0.1020531469811475,-0.06704810975806262,0.20343023304144625,0.6503603860947506
7550000,934,0.1974890943586323,-0.10326504147078695,0.3557484341796922,3.1727565116918925
7550000,919,-0.038971187573966594,-0.058456781360949915,0.3733626821029148,2.6171862629767717
7550000,931,0.06151994408448915,-0.022289834813220707,0.22452974944128115,1.8714117970281443
7550000,948,-0.36565903806011957,0.6011682490140949,1.5607428397209056,1.659127708382177
7550000,920,0.09977547020220782,0.06182560622101541,0.158226905830482,2.1811941313239624
7550000,929,0.0694273010650626,0.07443240984991008,0.1372751361048744,2.726348600630147
7600000,918,0.05383166300276162,-0.08200698748600946,0.18795722339193718,0.12869215876780135
7600000,933,0.2308353244801952,-0.20984089308705914,1.2501334237348107,3.5454135732151837
7600000,945,0.20683067173475675,-0.15512300380106755,0.868101971341816,3.2612944443346517
7600000,931,0.05455720353739386,-0.02787511613057528,0.19077948658312094,0.6982135393459693
7600000,946,0.4462785385598705,-0.13953615953200557,0.8710180675924589,3.3634289923798177
7600000,917,0.07142950889361108,-0.023846935435943156,0.15784190056118313,1.3025676886238247
7600000,921,0.027556179785090985,-0.03782931698567315,0.24349003939410044,1.4288659022538388
7600000,936,0.3401018211334601,-0.09069381896892269,0.671747135343579,2.655251446993319
7600000,920,0.12190941503731911,0.04942735822921608,0.2124795155090027,1.1978269865318323
7600000,942,0.057289239314796694,0.11332811824772279,0.2862526854681123,0.8624063735579247
7600000,929,0.07082767909278506,0.09795662957098486,0.24545666116915185,2.2143705505031286
7850000,919,-0.06029221756333461,-0.2513170652887512,0.4008811785380807,3.9195378851375775
7850000,930,0.05569471523396704,-0.11572927840824321,0.18215047704034368,0.6782201355032903
7850000,918,0.05694007537985324,-0.11405864629381261,0.1798019495661061,0.6643732538301546
7850000,917,0.08075560856838343,-0.08425302275140745,0.13489009479731584,1.3057805187288676
7850000,925,0.07101291064816131,-0.08181051382336282,0.15941256966242356,1.1169564959735507
7850000,931,0.07308351454074147,-0.0940105120964604,0.16215510023074342,1.4881492254484896
7850000,921,0.001933294891377942,-0.1731786077699701,0.3183323146863789,3.135431639632019
7850000,920,0.05543606429025151,-0.10399711004798923,0.22582620812375062,3.3547523324047877
7850000,929,0.05004671828800249,-0.08503513195837589,0.19518312200092228,3.8181284347223237
7850000,934,0.12767895742411206,-0.11564065572412434,0.2756002381442659,2.140125638806937
7850000,942,0.054918617749897494,-0.02983144812330819,0.1900739450781183,3.4496742682839745
7850000,936,0.2260467872995745,-0.049175090570433726,0.5992137688214191,2.8279635648087313
8300000,994,-0.061166764430384934,-0.29468520006362786,0.5311590194538894,3.213570682286219
8300000,992,-0.04682639282125827,-0.27466237133813665,0.4954739173717161,2.7253582397198066
8300000,993,0.13120489001956528,-0.08735732378748606,0.22118272212041737,1.5038381564106247
8300000,991,0.13175145686721504,-0.08555289406962016,0.21544764721669002,1.5490813447220342
8300000,1000,0.12743778989254684,-0.0649211382471465,0.201840427392478,1.655326747014307
8300000,995,0.06041579334659046,-0.08866778304103923,0.32837038914136923,0.8313754067715531
8300000,996,0.06942887749225927,-0.04604230823170878,0.21033693242600204,0.7077156432045458
8300000,998,0.0730676447672734,-0.04312188871511217,0.20109953437111078,1.6207074238360146
8300000,997,0.08186811124859798,-0.037936957139282884,0.17875861344579316,2.58421059308368
8300000,985,0.03171261817647475,-0.03171261817647475,0.21016265795824302,2.858613404273174
8350000,986,0.3333212545590781,-0.08732377914966263,0.5363591776863051,3.261363354078478
8450000,987,0.14343776920236812,-0.1845102581810198,0.31825461580556696,2.4142062876492183
8450000,995,0.038716309689133185,-0.15472496227215182,0.2826063463859309,1.6647842056306488
8450000,993,0.054248807130151004,-0.13340778079965707,0.24395471504179914,1.8505617467486646
8450000,1000,0.09442138742150794,-0.09310570980018985,0.1919837409310922,0.8903049306291212
8450000,994,-0.01727624603178008,-0.26927114504705557,0.5625870103360021,1.1933097516688267
8450000,991,0.07118703097668076,-0.12968594198566047,0.2690733640033034,1.8429859579158594
8450000,996,0.08124317360376516,-0.1133473309149304,0.23570793610676594,1.457838331059882
8450000,986,0.27171354219800326,-0.22328780487790068,0.5097605886088147,3.032438718622825
8450000,985,0.030468083505222524,0.04034278092935283,0.21254210902219187,1.4421083446417993
8500000,992,0.008751962726662291,-0.27831241470786083,0.4408009333858715,1.5609499159074076
8500000,986,0.21964699333253396,-0.24623059313072268,0.4686179077105625,1.4042816291712334
8500000,1005,0.8368376703156578,-1.2748358963734199,2.9218804727292054,0.0
8500000,988,0.2628629405988232,-0.19613436093638395,0.4801212044390713,3.1170727695557074
8500000,989,0.07882044019459376,-0.30788437318729667,0.7708478634084587,2.6767503990244803
8500000,1006,0.37684994983479586,-0.22063026399766744,0.7868153176712099,1.3128972413614555
8500000,997,0.0676089120634662,-0.024614895168737695,0.1653003500197018,0.4740999687805843
8500000,985,0.030468083505222524,0.04034278092935283,0.21254210902219187,0.0
8550000,1000,0.08201785199732592,-0.09711955173016688,0.17485321420071046,0.4305408524719126
8550000,1005,0.8368376703156578,-1.2748358963734199,2.9218804727292054,0.0
8550000,988,0.27610397551515176,-0.22225895623513509,0.5376123533351052,1.2904342969039369
8550000,997,0.09684587608681001,-0.03969654284830375,0.172358117773352,0.6729244378672319
8800000,1000,0.04522210923830437,-0.14641350555097504,0.26641707825772026,2.2061515604805235
8800000,986,0.1397615193134397,-0.2645406037564786,0.45051020504635325,1.6786702289784123
8800000,992,-0.04677621059096017,-0.2712060702263568,0.495349042085377,1.5632497339292641
8800000,1005,0.8368376703156578,-1.2748358963734199,2.9218804727292054,0.0
8800000,997,0.12778804129208626,-0.10400640101967724,0.25703539681347737,2.214806269744786
8800000,985,0.05523167949240808,0.1410790024095216,0.24440700651812228,2.1703818739331857
9250000,1015,0.019758966286282202,-0.03429962377668975,0.3278367925394727,2.3814681350414864
9300000,1015,0.03620303821917912,-0.03525497818592055,0.22660991320628532,2.051165649411787
9400000,1017,0.8368376703156578,-1.2748358963734199,2.9218804727292054,0.0
9400000,1022,0.05284216957218027,0.13497544591999402,0.23383312985864985,3.4032109034984583
9450000,1022,0.04198629324109066,0.10724613880591688,0.18579453567508436,1.1303930387393604
9500000,1017,0.8368376703156578,-1.2748358963734199,2.9218804727292054,0.0
9500000,1015,0.03837080981264224,0.03247129780394848,0.22949415523995137,1.3564463196523628
9500000,1022,0.06374685409280534,0.025144592447717665,0.17837061025381779,1.705203869529886
9500000,1028,0.3184284706972131,0.08932108143813194,0.5966500381885778,2.682183475806293
9500000,1027,0.3817672084777285,0.13225470918527163,0.7604034607647882,2.318137583130086
9750000,1035,0.10900445209105718,0.14433276481862978,0.7604034607647882,3.836220779269986
9750000,1022,0.0792951984895892,0.03030501326663976,0.14704632363715806,0.7069913404142975
9750000,1015,0.09271156629262454,0.1036713607939831,0.2206198497061266,1.8001244493989084
9750000,1042,0.05615254805855073,0.062003028361106514,0.15188918004430452,2.5117999237716098
9750000,1043,0.07451117030177548,0.05104039563566285,0.12288231881378836,3.3790323240447164
9750000,1039,0.07605009447561988,0.049026004300320995,0.12045079866137248,3.597001402743416
9750000,1041,0.03717154739639265,0.10001114318134575,0.2024356101300655,3.0797879817554863
10200000,1047,0.028617688012106464,0.03789267276949278,0.19963394692644884,2.2727081086809164
10250000,1047,0.05986702519344668,-0.09120123941947944,0.20903013580535545,2.663084497643681
10250000,1050,0.05592262781526464,0.11299829950300896,0.29037076087830804,2.4630799968959582
10250000,1051,0.05109579547539198,0.11999036330832578,0.3049156842707812,2.5389411856531985
10250000,1049,0.18830835931237896,0.1809397713392859,0.4123621634900088,1.8394208362644242
10350000,1047,0.08447217398879453,-0.1286846463364825,0.294940828337403,1.938150276184264
10350000,1050,0.026013500709989448,0.11542858575020086,0.20920202356586523,1.7307600749195877
10350000,1051,0.0540501495265758,0.199166359993857,0.3240818129963732,1.6303259979934026
10400000,1047,0.16006509348850392,-0.07558629414734908,0.27992468032533446,1.8718129377489774
10400000,1052,0.07506965212024416,-0.05147633288245314,0.3600909033293035,3.3443836575636263
10400000,1055,0.005421083743789669,0.209005518325324,0.5199928434472111,2.0015610811731173
10400000,1050,0.06820881301933399,0.09748427701435781,0.25334821482823305,1.273000989766141
10400000,1053,0.04789878675899851,0.09364715731303114,0.17294303463091656,1.252938693789366
10400000,1058,-0.07888203678013857,0.459480253241368,0.7626357057727151,1.2758973126022481
10400000,1051,0.08887856838818103,0.12542676473472278,0.20918007929765906,2.8180102963864817
10450000,1054,0.21085658738501892,0.07870529501360683,0.34402991125687726,2.0764891282930287
10450000,1055,-0.011688250591940516,0.15239372368257786,0.4353191472366094,2.0656485126031985
10450000,1049,0.0591024562724462,0.15633552949485768,0.4801212044390713,2.9591094422099595
10450000,1050,0.08198532828622113,0.1186629751511095,0.3622165875284139,2.235231728662771
10450000,1051,0.06146041422812777,0.1122001686413882,0.2237976505139095,0.6753877138422977
10450000,1053,0.03009712031882574,0.152686139464302,0.3010795561527611,2.844044225339921
10450000,1060,0.008404455899994289,0.12877749065878627,0.2383762440668369,2.938772167413764
10450000,1058,-0.03125832582270017,0.36548196346541734,0.6055212821774341,3.7835770602877186
